Week	Page Type (Blog vs Service)	Proposed Title / H1	Primary Keyword	Est. Vol	Intent	Snapshot Hook (AI / GEO Focus)	Core Content & Technical Requirements
W1	Blog	PP Interlocking Sports Tiles: The Complete B2B Buyers Guide	pp interlocking sports tiles	800-1,500	Informational	Is PP interlocking tile good for outdoor use in Indian summers?	Comprehensive guide on PP tiles, replacing concrete, 10-year durability, UV-stabilisation, drainage.
W2	Blog	5-Layer vs 8-Layer Acrylic Court Systems: What Every School and Club Buyer Must Know	acrylic sports court specifications	800-2,000	Commercial	What is the difference between 5-layer and 8-layer acrylic tennis courts?	Detailed technical comparison of acrylic systems, cushion layers, and ITF certification standards.
W3	Blog	The Complete Guide to Badminton Court Flooring in India: PVC Vinyl vs Wooden	badminton court flooring india	1,500-3,000	Informational	What is the difference between PVC vinyl and wooden flooring for badminton?	Overview of indoor badminton options, shock absorption, BWF compliance, and facility requirements.
W4	Blog	Sand-Based Artificial Grass for Sports Facilities in India: Complete Specification Guide	sand based artificial grass india	500-1,200	Informational	Sand-based vs rubber-crumb artificial grass — which is better for sports?	Technical specs on high-density synthetic turf, silica sand infill, drainage, and maintenance.
W5	Blog	Building an ITF-Certified Tennis Court in India: Sub-Base, Layers and Costs	itf tennis court india	600-1,200	Commercial	How much does it cost to build an ITF certified tennis court in India?	Step-by-step construction guide, sub-base prep, acrylic coating application, and cost breakdown.
W6	Blog	EPDM Rubberised Running Tracks: Construction Specifications, Systems and Costs	epdm running track india	400-800	Commercial	What is EPDM rubber flooring and why is it used for running tracks?	Full-pour vs sandwich systems, IAAF specs, shock absorption, and durability in Indian climate.
W7	Blog	Synthetic Acrylic Basketball Court Flooring: Performance Standards and Installation	acrylic basketball court india	800-2,000	Informational	Which sports flooring is best for school outdoor basketball court in India?	Focus on FIBA standards, slip resistance, concrete vs acrylic, and school safety.
W8	Blog	Childrens Play Area Flooring: EPDM Shock-Absorbing Surfaces and Fall Height Compliance	playground epdm flooring india	400-800	Commercial	What is the safest flooring for outdoor children's play areas in India?	EPDM safety features, critical fall height (CFH) compliance, and non-toxic materials.
W9	Blog	PVC Vinyl vs Wooden Badminton Court Flooring: The Complete Decision Guide	pvc vinyl vs wooden badminton court	400-800	Commercial	What is the difference between PVC vinyl and wooden flooring for badminton?	Direct comparison on cost, lifespan, maintenance, and BWF tournament suitability.
W10	Blog	Canadian Maple Wooden Badminton Court: Why International Tournaments Use It	canadian maple badminton court india	200-500	Informational	Why is Canadian Maple preferred for professional badminton courts?	Deep dive into maple timber properties, consistent shuttle bounce, and premium aesthetics.
W11	Blog	Teakwood Badminton Court Flooring: Premium Indian Sports Halls	teakwood badminton court flooring	150-400	Informational	Canadian Maple vs Teakwood for badminton court — which is better?	Benefits of teakwood, natural oil content, moisture resistance, and premium club installations.
W12	Blog	How Much Does an Indoor Badminton Court Cost in India? (2026 Pricing Guide)	indoor badminton court cost india	800-2,000	Commercial	How much does a professional badminton wooden court cost in India?	Cost breakdown of substructure, EPDM shock pads, timber/vinyl costs, and installation.
W13	Blog	Sand-Based Artificial Grass for Tennis Courts in India: Specs, Cost and Comparison	artificial turf tennis court india	400-900	Commercial	What type of artificial grass is used for outdoor tennis courts?	Focus on tennis applications, silica sand role, ball bounce consistency, and all-weather play.
W14	Blog	Sand-Based vs Rubber-Crumb Artificial Grass: Which Is Right for Indian Sports Facilities?	sand based vs rubber crumb artificial grass	500-1,200	Informational	Sand-based vs rubber-crumb artificial grass — which is better for sports?	Comparison of turf infills, heat retention, player comfort, and specific sport suitability.
W15	Blog	Why PP Modular Tiles Are Replacing Concrete for Outdoor School Courts	pp tiles vs concrete sports court	800-1,500	Informational	Why should schools choose PP interlocking tiles over painted concrete?	Focus on student safety, zero cracking, monsoon drainage, and zero maintenance.
W16	Blog	PP Interlocking Tiles for Roller Skating Rinks: Load Capacity, Safety and Installation	interlocking tiles roller skating rink	800-1,500	Commercial	Are PP interlocking tiles suitable for roller skating rinks?	Load bearing specs, wheel grip, impact resistance, and residential society applications.
W17	Blog	Designing an Outdoor Multi-Sport Court for Schools: Complete Six-Surface Guide	outdoor sports court school india	600-1,500	Informational	Which sports flooring is best for a school multi-sport court?	Guide for principals on combining basketball, volleyball, and tennis on one versatile surface.
W18	Blog	Badminton Academy Setup Guide: Which Flooring Do BWF-Affiliated Clubs Use?	badminton academy flooring india	300-700	Commercial	What flooring is required for a BWF-affiliated badminton academy?	Academy requirements, PVC vinyl for training vs Wooden for tournaments, ROI for club owners.
W19	Blog	Artificial Grass for Residential Townships: Developer Specification Guide	artificial grass residential developer india	500-1,200	Commercial	Why do real estate developers use sand-based artificial grass for landscaping?	RERA compliance, premium amenities, zero watering maintenance, and aesthetic appeal.
W20	Blog	Specifying Sports Flooring for CPWD and Government Tenders	cpwd sports flooring specification	200-600	Informational	What are the CPWD specifications for outdoor sports flooring in India?	Navigating government tenders, BIS standards, MSME benefits, and material compliance.
W21	Blog	Sports Court Flooring Manufacturer in Indore: Direct Factory Pricing	sports flooring manufacturer indore	1,000-5,000	Local/Proximity	Where to find a direct manufacturer for sports flooring in Indore?	Targeting Central India schools/clubs, eliminating IndiaMART middlemen, local installations.
W22	Blog	Badminton Court Flooring Manufacturer in Madhya Pradesh	badminton court flooring madhya pradesh	300-700	Local/Proximity	Who is the best manufacturer for badminton court flooring in Madhya Pradesh?	Focus on MP badminton boom, indoor PVC/wooden installations, direct supplier benefits.
W23	Blog	Artificial Grass Supplier in Central India: Townships, Schools and Government Parks	artificial grass supplier central india	500-1,200	Local/Proximity	Where to buy premium sand-based artificial grass in Central India?	Targeting Bhopal/Indore/Raipur developers, landscaping specs, and government park projects.
W24	Blog	Indoor Badminton Court Construction in India: From Bare Concrete to Ready-to-Play	indoor badminton court construction india	800-2,000	Informational	How long does it take to construct an indoor badminton court in India?	Complete timeline, sub-base levelling, vapour barriers, shock pads, and surface installation.
W25	Blog	Monsoon Court Maintenance: How PP Tiles Outperform Concrete and Acrylic	sports court monsoon maintenance india	800-1,500	Informational	Which sports surface drains rainwater the fastest in India?	Seasonal guide on water pooling, slip hazards, and the self-draining advantage of PP tiles.
W26	Blog	Sports Flooring Solution Provider in Pune: Turnkey Installations for IT Parks	sports flooring solution provider pune	1,000-5,000	Local/Proximity	Who is the best sports flooring contractor for IT parks in Pune?	Targeting Pune's corporate campuses and residential developers for multi-sport zones.
W27	Blog	The True Lifespan of PVC Vinyl Badminton Flooring: Maintenance and Replacement	pvc vinyl badminton flooring lifespan	400-800	Informational	How long does PVC vinyl badminton flooring last?	Detailed breakdown of wear layers, fibreglass reinforcement, and cleaning protocols for longevity.
W28	Blog	Khelo India Infrastructure Guidelines: Sports Flooring Compliance	khelo india sports flooring guidelines	200-600	Informational	What sports flooring is approved for Khelo India infrastructure projects?	Aligning U Win's 6 surfaces with national sports infrastructure development standards.
W29	Blog	Outdoor Pickleball Court Construction in India: Surface Options and Cost	outdoor pickleball court construction india	200-600	Commercial	What is the best surface for an outdoor pickleball court in India?	Riding the pickleball trend: Acrylic vs PP Tiles for pickleball, line marking, and pacing.
W30	Blog	Badminton Wooden Court Installation in Hyderabad: Premium Academy Solutions	wooden badminton court installation hyderabad	600-1,200	Local/Proximity	Who installs BWF-standard wooden badminton courts in Hyderabad?	Targeting Hyderabad's massive badminton academy market with Teakwood/Maple solutions.
W31	Blog	Summer UV Degradation in Sports Courts: Why UV-Stabilisation Matters	uv stabilised sports flooring india	800-1,500	Informational	Do outdoor sports tiles fade in the Indian summer sun?	Technical dive into UV inhibitors in PP tiles and EPDM rubber to prevent chalking and brittleness.
W32	Blog	Smart Cities Mission: Specifying EPDM and Artificial Grass for Public Parks	smart cities sports infrastructure india	200-600	Informational	What safety flooring is required for Smart City public parks?	Positioning EPDM and Sand-based grass for municipal contractors and city planners.
W33	Blog	Can I Build a Professional Badminton Court at Home in India?	home badminton court construction india	800-2,000	Informational	Can I build a professional badminton court at home in India?	Guide for HNI residential buyers: space requirements, flooring choices (PVC vs Wood), and lighting.
W34	Blog	Artificial Grass Supplier Ahmedabad: Landscaping for Premium Townships	artificial grass supplier ahmedabad	500-1,200	Local/Proximity	Where to buy artificial grass for residential townships in Ahmedabad?	Targeting Gujarat real estate developers specifying low-maintenance green spaces.
W35	Blog	EPDM vs SBR Rubber Flooring: What Contractors Won't Tell You	epdm vs sbr rubber flooring	400-800	Informational	What is the difference between EPDM and SBR rubber flooring?	Exposing cheap contractor practices: why virgin EPDM top layers matter for UV stability and safety.
W36	Blog	Case Study: Transforming a Cracked Concrete School Court with PP Tiles	school sports court renovation case study	800-1,500	Commercial	How can schools repair cracked concrete sports courts permanently?	Real-world example of installing PP tiles over a failing concrete sub-base to save demolition costs.
W37	Blog	Badminton Court Flooring Mumbai: Maximising Small Indoor Spaces	badminton court flooring mumbai	1,500-3,000	Local/Proximity	What is the best indoor sports flooring for clubs in Mumbai?	Addressing Mumbai's space constraints, multi-use PVC vinyl, and moisture management.
W38	Blog	How to Fix Water Ponding on Outdoor Tennis Courts in India	fix water ponding tennis court	800-2,000	Informational	How do you fix water pooling on an outdoor tennis court?	Sub-base slope requirements, drainage channels, and why PP tiles eliminate puddle issues completely.
W39	Blog	The Importance of EPDM Shock Pads in Wooden Badminton Courts	epdm shock pad wooden court	600-1,200	Informational	Why do wooden badminton courts need rubber shock pads?	Technical deep-dive into the sub-structure, energy return, and knee injury prevention.
W40	Blog	Sports Flooring Manufacturer Delhi NCR: Direct Supply to Schools	sports flooring manufacturer delhi	1,000-5,000	Local/Proximity	Where to find a direct manufacturer for sports flooring in Delhi NCR?	Targeting Delhi/NCR schools upgrading infrastructure, avoiding local IndiaMART traders.
W41	Blog	Acrylic Court Resurfacing: When to Repair vs When to Replace	acrylic tennis court resurfacing india	800-2,000	Commercial	How often does an acrylic tennis court need to be resurfaced?	Maintenance timelines for 5-layer and 8-layer systems, patching cracks, and recoating.
W42	Blog	Case Study: BWF-Standard Wooden Flooring for a National Academy	bwf badminton court case study	600-1,200	Commercial	What flooring do national badminton academies in India use?	Highlighting a premium Teakwood or Canadian Maple installation, focusing on exact specifications.
W43	Blog	Artificial Turf Tennis Court India: Playability vs Acrylic Hard Courts	artificial turf vs acrylic tennis court	400-900	Informational	Is artificial grass good for playing tennis?	Comparing ball bounce, slide, player comfort, and maintenance between sand-based turf and acrylic.
W44	Blog	PVC Vinyl Sports Flooring Bengaluru: IT Hub Corporate Gyms and Courts	pvc vinyl sports flooring bengaluru	400-800	Local/Proximity	Who supplies PVC vinyl sports flooring for corporate offices in Bengaluru?	Targeting corporate campus facility managers for indoor recreation and gym flooring.
W45	Blog	The Middlemen Cost Inflation Trap in Indian Sports Infrastructure	sports flooring middlemen india	1,000-5,000	Informational	Why are quotes for sports flooring so wildly different across contractors?	Exposing the 40% trader markup and explaining the manufacturer-direct cost advantage.
W46	Blog	Tongue-and-Groove Wooden Flooring: The Mechanics of a Perfect Court	tongue and groove badminton court	200-500	Informational	What is tongue-and-groove wooden sports flooring?	Explaining precision milling, seamless joints, and expansion gaps in Teakwood/Maple courts.
W47	Blog	Sports Court Fencing and Lighting Integration for Turnkey Projects	sports court fencing lighting india	600-1,500	Informational	Does UWIN Floortech provide fencing and lighting for sports courts?	Highlighting the "Turnkey" aspect: integrating flooring with proper chain-link fencing and LED masts.
W48	Blog	Badminton Court Flooring Raipur: Upgrading Central India's Sports Clubs	badminton court flooring raipur	300-700	Local/Proximity	Who installs professional badminton courts in Raipur, Chhattisgarh?	Expanding regional dominance in Tier-2 cities experiencing a boom in badminton infrastructure.
W49	Blog	Why ITF Certification Matters for Tennis Coaching Academies	itf certification tennis court india	600-1,200	Informational	Why should tennis academies invest in ITF certified court surfaces?	Explaining Court Pace Rating (CPR) and how certified surfaces attract serious student-athletes.
W50	Blog	Maintaining Sand-Based Artificial Grass: Brushing and Sand Redistribution	artificial grass maintenance india	500-1,200	Informational	How do you maintain sand-based artificial grass for sports?	Debunking "zero maintenance" myths — proper brushing techniques to keep fibres upright and safe.
W51	Blog	Sports Flooring Manufacturer Lucknow: School Infrastructure Upgrades	sports flooring manufacturer lucknow	1,000-5,000	Local/Proximity	Where to find a direct manufacturer for sports flooring in Lucknow?	Targeting the massive educational sector in UP, focusing on safe PP tiles and Acrylic courts.
W52	Blog	2027 Sports Flooring Trends in India: What Developers Are Specifying Next	sports flooring trends india 2027	1,000-5,000	Informational	What are the top sports flooring trends for real estate developers in India?	Year-in-review/future outlook: the rise of Pickleball, multi-sport PP tiles, and premium indoor wood.
